,long,lat,degree,closeness,betweenness,pagerank
ABE,-75.4408035278,40.6520996094,4,0.32605304212168484,4.8983241754344884e-05,0.000447721789064785
ABI,-99.6819000244,32.4113006592,5,0.3145221971407073,0.00023936775751578362,0.000656933207886986
ABQ,-106.60900116,35.0401992798,8,0.3089430894308943,2.5996606209750397e-05,0.00042292448166773405
ABV,7.26316976547,9.00679016113,1,0.2974030594094628,0.0,0.00023032182201374165
ACA,-99.7539978027,16.7570991516,32,0.31847619047619047,0.00011419936492949212,0.0006300251439797242
ACC,-0.166786000133,5.60518980026,29,0.3088289619504987,6.907897728038095e-05,0.0005231707328524051
ACK,-70.06020355,41.25310135,2,0.31835491241431835,0.0,0.00024070039210160872
ACT,-97.2304992676,31.6112995148,3,0.2555012224938875,7.055684447377833e-06,0.0003657510367691493
ACY,-74.5772018433,39.4575996399,15,0.32579890880748247,0.0024504622122643134,0.000700573691795256
ADD,38.7993011475,8.97789001465,38,0.3221579961464355,9.977989086133066e-05,0.0005313870225876114
ADJ,35.9916000366,31.972700119,1,0.2991055456171735,0.0,0.00022326012321555403
ADS,-96.8364028931,32.9686012268,5,0.3188405797101449,0.00025637542100458047,0.0006512321368201205
ADW,-76.8669967651,38.810798645,1,0.2652284263959391,0.0,0.0002288885440114854
AEX,-92.5497970581,31.3274002075,119,0.30803242446573326,0.0008165784260988152,0.001684526167468579
AEY,-18.0727005005,65.6600036621,2,0.28271897193101114,0.0,0.0002317111955078894
AFW,-97.3188018799,32.9875984192,8,0.3107806691449814,0.00029421508716381156,0.0008900901332206224
AGP,-4.49911022186,36.6749000549,5,0.3038894947291894,2.6454251273063233e-05,0.0003291705377572146
AGS,-81.9645004272,33.3698997498,11,0.32378001549186675,8.342378886773422e-05,0.0005508541980147467
AGT,-54.842682,-25.454516,30,0.2926146307315366,0.0,0.00023402749612672297
AGU,-102.318000793,21.7056007385,82,0.3132259273136006,0.0019981037911582776,0.00105539916451449
AIK,-81.6849975586,33.6493988037,1,0.2667517549457562,0.0,0.00022116230116136636
AKL,174.792007446,-37.0080986023,119,0.3120567375886525,0.007348243993566171,0.0008901646948020706
ALB,-73.8016967773,42.748298645,10,0.3365539452495974,0.000876539586702994,0.0009218808415675767
ALG,3.21540999413,36.6910018921,1,0.2991055456171735,0.0,0.00022326012321555403
AMA,-101.706001282,35.2193984985,3,0.26322418136020154,8.74180662848887e-06,0.000345139868053518
AMD,72.6346969604,23.0771999359,6,0.2879779538408543,0.0,0.00021923385193153567
AMM,35.9931983948,31.7226009369,40,0.31020408163265306,2.946549626177522e-05,0.0004203162912149021
AMS,4.76388978958,52.3086013794,722,0.38156093108169786,0.00622465229866735,0.003390839387660748
ANC,-149.996002197,61.1744003296,898,0.3676341248900616,0.0431611231880969,0.007353302796920124
ANF,-70.445098877,-23.4444999695,4,0.2926146307315366,0.0,0.00023402749612672297
ANR,4.46027994156,51.1893997192,3,0.2873839807493984,2.990334223146833e-05,0.0003418520422823089
ANU,-61.792702,17.1367,165,0.35772357723577236,0.004259658643616702,0.0025446876687802962
APA,-104.848999,39.57009888,4,0.312406576980568,5.2666194431152466e-05,0.00043499931100686586
APC,-122.280998,38.2132,3,0.296243798724309,9.572302757546348e-05,0.0004743946508042862
APF,-81.7752990723,26.1525993347,20,0.32327919566898683,0.0003233169817266322,0.0007125385547070991
APW,-172.007995605,-13.8299999237,12,0.25922480620155036,0.0,0.0002539824930098755
ARN,17.9186000824,59.6519012451,164,0.36081139404402246,0.002182861454987642,0.0017916264807056738
ASD,-77.7956008911,24.6979007721,2,0.2806310842564619,0.0,0.00022514406375952954
ASE,-106.8690033,39.22320175,5,0.29353932584269665,0.00011822672549061996,0.0005561764738001037
ASN,-86.0509033203,33.5699005127,1,0.31835491241431835,0.0,0.00024070039210160872
ASU,-57.5200004578,-25.2399997711,31,0.2926146307315366,0.0,0.00023402749612672297
ATH,23.9444999695,37.9364013672,35,0.32141484044598234,0.00038549494765488334,0.0009527052712213965
ATL,-84.4281005859,33.6366996765,2054,0.40980392156862744,0.04015736555806013,0.012575266511696603
ATW,-88.5190963745,44.2580986023,1,0.29878484631879915,0.0,0.00022675166003872119
AUA,-70.0151977539,12.5013999939,404,0.3592608508809626,0.006929921960514801,0.0029848217526965213
AUH,54.6511001587,24.4330005646,75,0.3313515655965121,0.00018302903329503237,0.0006337630556046285
AUS,-97.6698989868,30.1944999695,193,0.36731107205623903,0.011670102717115492,0.004390215502270416
AVP,-75.7233963013,41.3385009766,4,0.32605304212168484,4.8983241754344884e-05,0.000447721789064785
AVV,144.468994141,-38.0393981934,1,0.25922480620155036,0.0,0.0002539824930098755
AXA,-63.0550994873,18.2047996521,39,0.31159150204994407,0.0005960644369656701,0.0007181212610257583
AXM,-75.7664,4.45278,20,0.2806310842564619,0.0,0.00022514406375952954
AZA,-111.6549988,33.30780029,106,0.312406576980568,0.00012886962533631362,0.0009206675753362944
BAH,50.6335983276,26.2707996368,19,0.2741882584453919,0.0,0.00021920559565274028
BAQ,-74.7808,10.8896,42,0.2926146307315366,0.0,0.00023402749612672297
BBU,26.1021003723,44.503200531,12,0.28639945186707777,0.0,0.00022097396173272532
BCN,2.0784599781,41.2971000671,220,0.3733809736489504,0.002781764048676292,0.0022609438531973943
BCT,-80.1076965332,26.3784999847,7,0.32965299684542587,0.00045260719973533466,0.0008352783863392532
BDA,-64.6787033081,32.3639984131,183,0.35378755818874313,0.006499033052271947,0.002762444402345133
BDL,-72.6831970215,41.9388999939,104,0.3387358184764992,0.000797106178946701,0.0017610668552762508
BDU,18.5403995514,69.0558013916,1,0.2974030594094628,0.0,0.00023032182201374165
BED,-71.28900146,42.47000122,61,0.3457402812241522,0.0030440228484507345,0.00282601814696609
BEG,20.3090991974,44.8184013367,12,0.2991055456171735,0.0,0.00022326012321555403
BEL,-48.4762992859,-1.37925004959,29,0.3083732939874585,4.722114089785674e-05,0.00043666024632698665
BEY,35.4883995056,33.8208999634,2,0.30455373406193076,9.538821224781795e-06,0.0003230196621243896
BFI,-122.302001953,47.5299987793,90,0.3530405405405405,0.012741652280506274,0.003033035687397839
BFK,-104.751998901,39.7016983032,1,0.22558014031300594,0.0,0.0002978317321777407
BFS,-6.21582984924,54.6575012207,30,0.30300833635375135,6.796914162776176e-05,0.0006235418566632224
BGI,-59.4925003052,13.0746002197,159,0.354387452310301,0.0023864980312695745,0.0018364641818085024
BGO,5.218140125,60.29339981,14,0.25097568297808465,0.0,0.00022488705010126228
BGR,-68.8281021118,44.8073997498,53,0.3205521472392638,0.008534757835412849,0.0037906664836778884
BHD,-5.87249994278,54.6180992126,1,0.2879779538408543,0.0,0.00021928032597770905
BHM,-86.75350189,33.56290054,8,0.29814550641940085,7.917077146943237e-05,0.0009173666988681062
BHX,-1.74802994728,52.4538993835,22,0.31275720164609055,0.0003621807305995036,0.0007677818818041672
BIF,-106.3799973,31.84950066,1,0.2269272529858849,0.0,0.00031868751745883566
BIL,-108.542999268,45.8077011108,1,0.28532423208191127,0.0,0.00022550269123176652
BIM,-79.2647018433,25.6998996735,117,0.3353389490573606,0.005078930686304485,0.0024639270245451904
BIQ,-1.52331995964,43.4683990479,1,0.28639945186707777,0.0,0.00022097396173272532
BJL,-16.6522006989,13.3380002975,1,0.28271897193101114,0.0,0.0002317111955078894
BJX,-101.481002808,20.9934997559,205,0.3511129777404452,0.003957169968797031,0.0023638043758639647
BKF,-155.776992798,58.5547981262,2,0.26573426573426573,0.0,0.0002290152959172801
BKL,-81.6832962036,41.5175018311,7,0.32327919566898683,4.849578705048896e-05,0.00044343569339665785
BLA,-64.689201355,10.1070995331,39,0.2926146307315366,0.0,0.00023402749612672297
BLI,-122.538002014,48.7928009033,4,0.2943661971830986,0.00010364572184163382,0.0003905871186583229
BLK,-3.02860999107,53.7717018127,2,0.24394514152319813,5.178213316777199e-05,0.00041379779615160746
BLM,-74.12490082,40.18690109,1,0.31835491241431835,0.0,0.00024070039210160872
BLQ,11.2887001038,44.5354003906,1,0.26100530752419604,0.0,0.00022538472756436067
BMA,17.9416999817,59.3544006348,9,0.3153526970954357,0.00016332950047787153,0.00045640522538633184
BNA,-86.6781997681,36.1245002747,163,0.3486238532110092,0.0023662882136068846,0.002500825973732318
BNE,153.117004395,-27.3841991425,36,0.299534217126478,6.16230567767382e-05,0.0003648300020009171
BOB,-151.75100708,-16.4444007874,1,0.2656498252303781,0.0,0.00022611223245807787
BOD,-0.715556025505,44.8283004761,4,0.30213227322009395,3.285426486185904e-05,0.00042320876358866447
BOG,-74.1469,4.70159,551,0.3700752545374059,0.002841917701588353,0.0020706515003896457
BOI,-116.2229996,43.56439972,10,0.336283185840708,0.00023725412992865134,0.0006601081521317077
BOJ,27.5151996613,42.5695991516,1,0.23783783783783785,0.0,0.0002558380772450567
BOM,72.8678970337,19.0886993408,24,0.2879779538408543,0.0,0.00021923385193153567
BON,-68.2685012817,12.1309995651,65,0.3339992009588494,0.00028739343217134335,0.0007387176589851712
BOS,-71.00520325,42.36429977,1230,0.38883720930232557,0.024963195955999287,0.008656423661358806
BQH,0.0324999988079,51.3307991028,4,0.2948853615520282,4.73695410970084e-05,0.0005300557179650566
BQN,-67.1294021606,18.4948997498,108,0.28669410150891633,0.0005511071962496453,0.0012076849693772463
BRI,16.7605991364,41.1389007568,1,0.2497759187331939,0.0,0.00023192693046713281
BRN,7.49714994431,46.914100647,3,0.27222403126017586,5.070371172714108e-05,0.0004721445756293451
BRO,-97.4259033203,25.9067993164,60,0.3013698630136986,0.0007344316423416962,0.0016009201794322772
BRS,-2.71908998489,51.3827018738,6,0.23892540725921693,0.0,0.00023283547825411944
BRU,4.48443984985,50.9014015198,171,0.3700752545374059,0.0031082785454305023,0.0018331539805689762
BSB,-47.9208335876,-15.8691673279,23,0.3120567375886525,3.336947933078908e-05,0.00033552714483674824
BSL,7.52991008759,47.5895996094,5,0.2907826086956522,7.541656070669217e-05,0.0005478307012001727
BTR,-91.14959717,30.53319931,1,0.28708791208791207,0.0,0.00022448468408327462
BTV,-73.1532974243,44.4719009399,19,0.326817826426896,0.002182742895423133,0.0012562598899036543
BUD,19.2555999756,47.4369010925,14,0.31135940409683427,0.00010408646447389387,0.0006251803924946879
BUF,-78.73220062,42.94049835,72,0.3500837520938023,0.000893935537914642,0.0014602353241432693
BUR,-118.35900116,34.2006988525,7,0.2951977401129944,9.407007830628452e-05,0.0008428908575643822
BVB,-60.6922225952,2.84138894081,1,0.2926146307315366,0.0,0.00023402749612672297
BVY,-70.9164962769,42.5842018127,3,0.31859756097560976,0.0023923444976076554,0.00058524088997229
BWI,-76.66829681,39.17539978,308,0.3509655751469353,0.005039823214664697,0.0034849444762224636
BZE,-88.3081970215,17.539100647,239,0.3558961260110685,0.0015719982064022109,0.0016768708964500104
BZN,-111.1529999,45.77750015,9,0.3395613322502031,0.0002730430479879869,0.0005673338296522684
BZZ,-1.58362,51.75,3,0.29118773946360155,0.0006740540249286515,0.0004910427265269999
CAE,-81.1194992065,33.9388008118,5,0.3263075722092115,9.099477089064134e-05,0.0006331832422659828
CAI,31.4055995941,30.1219005585,15,0.3326701153999204,0.00017322390952208963,0.000538766242065925
CAK,-81.442199707,40.9160995483,6,0.3288749016522423,7.215708261580568e-05,0.0004460230336272362
CAN,113.299003601,23.3924007416,83,0.32720156555772995,0.0004459566263683474,0.0006959490063536563
CAP,-72.1947021484,19.7329998016,24,0.30589096231247714,3.139154086401034e-05,0.00033969724686355246
CAY,-52.3604011536,4.81980991364,1,0.28639945186707777,0.0,0.00022097396173272532
CBG,0.17499999702,52.2050018311,2,0.27913188647746245,1.3191561515330384e-05,0.0003363147655855207
CBR,149.195007324,-35.3069000244,1,0.25922480620155036,0.0,0.0002539824930098755
CCS,-66.9905853271,10.6031169891,56,0.30589096231247714,3.139154086401034e-05,0.00033969724686355246
CDG,2.54999995232,49.0127983093,864,0.3781094527363184,0.0047625804313796176,0.003255650703908133
CFB,-42.0742988586,-22.9216995239,5,0.2926146307315366,0.0,0.00023402749612672297
CFG,-80.4141998291,22.1499996185,7,0.3074659801397573,9.805782500643896e-05,0.0005527916993388977
CGN,7.1427397728,50.8658981323,93,0.3364185110663984,0.0006099930355952739,0.001243631241894605
CGO,113.841003418,34.5196990967,26,0.2942625835973249,5.3592878354278326e-05,0.0003572440214261377
CHA,-85.2037963867,35.0353012085,4,0.3230293663060278,7.335091784236637e-05,0.0004480256955883847
CHO,-78.4529037476,38.1385993958,1,0.29878484631879915,0.0,0.00022675166003872119
CHR,1.73066997528,46.8622016907,6,0.23824451410658307,0.0026132001249892793,0.0008732252167282747
CHS,-80.04049683,32.89860153,25,0.3328025477707006,0.0031583289957067546,0.001623026623823698
CIA,12.5949001312,41.7994003296,7,0.3177499049790954,0.00029200930906595385,0.0007686965095077985
CID,-91.7108001709,41.8847007751,2,0.2882758620689655,4.6529990724123934e-06,0.0003305530571823529
CIW,-61.3423995972,12.6990003586,9,0.3074659801397573,0.00014454754854742902,0.0006390731537432475
CIX,-79.8281021118,-6.78747987747,1,0.2806310842564619,0.0,0.00022514406375952954
CJU,126.492996216,33.5112991333,1,0.26889675136699903,0.0,0.00025743800847112877
CKG,106.641998291,29.7192001343,24,0.31871902401829966,4.304959809048626e-05,0.0003341076322065956
CLE,-81.8498001099,41.4117012024,132,0.3415032679738562,0.0011770379184113393,0.0017746501470390784
CLL,-96.36380005,30.58860016,1,0.31835491241431835,0.0,0.00024070039210160872
CLM,-123.5,48.1202011108,1,0.23790552077404667,0.0,0.00027725940633275067
CLO,-76.3816,3.54322,34,0.2926146307315366,0.0,0.00023402749612672297
CLT,-80.9430999756,35.2140007019,704,0.35604770017035775,0.0059387521778000414,0.004256214503196726
CMB,79.8841018677,7.18075990677,6,0.23838038209295695,0.0,0.00023625973124231952
CMH,-82.8918991089,39.9980010986,80,0.3376413570274637,0.00033696877134141076,0.001046379179212198
CMI,-88.27809906,40.03919983,1,0.31835491241431835,0.0,0.00024070039210160872
CMN,-7.58997011185,33.3675003052,28,0.3249125534395647,0.00019237382008949568,0.000564179520131998
CMW,-77.8475036621,21.42029953,85,0.3065639897323066,4.85812331671495e-05,0.00043900095536388066
CND,28.4883003235,44.3622016907,1,0.21020870002514458,0.0,0.0003246778016164668
CNF,-43.9719429016,-19.6244430542,34,0.3266901133255178,0.0001392202432095988,0.0005404460565198405
CON,-71.50229645,43.20270157,2,0.3190839694656489,3.4865381827679066e-05,0.0003532837910118389
COR,-64.2080001831,-31.323600769,1,0.2800670016750419,0.0,0.00021782407475569882
COS,-104.700996399,38.8058013916,11,0.33359936153232245,0.0009751603134855115,0.0009155822872048044
CPH,12.6560001373,55.6179008484,221,0.3665059184568172,0.0017735001321207823,0.0016626120914289067
CPR,-106.4639969,42.90800095,12,0.3265625,0.0005044634665150096,0.000826606249746941
CPS,-90.1561965942,38.5707015991,3,0.3064516129032258,1.2053909839525924e-05,0.0004260176154216989
CRK,120.559997559,15.1859998703,3,0.3038894947291894,0.0006140183490361785,0.0005095721947464575
CRP,-97.5011978149,27.7703990936,11,0.312406576980568,0.00030603024191030727,0.0010442964517518294
CSL,,,8,0.31750854538549184,0.0003418199875579176,0.0007685668573433424
CSX,113.220001221,28.1891994476,12,0.2974030594094628,0.0,0.00023032182201374165
CTG,-75.513,10.4424,114,0.33668948852194924,0.0007316779632087455,0.001163863301636129
CTS,141.692001343,42.7751998901,19,0.31750854538549184,0.001450169831515118,0.0008737709117166345
CTU,103.946998596,30.5785007477,50,0.3266901133255178,0.0002859506592257947,0.0005737793218962778
CUL,-107.474998474,24.7644996643,16,0.26889675136699903,0.0,0.0002220538073683537
CUN,-86.8770980835,21.0365009308,1768,0.40445089501693277,0.02187142288552884,0.007114860666342901
CUR,-68.959801,12.1889,65,0.3266901133255178,0.00031394491834503904,0.0007470159045823825
CUU,-105.964996338,28.7028999329,86,0.29825187299322153,0.0026891707922683345,0.0013541135931840803
CVG,-84.6678009033,39.0488014221,439,0.37759710930442636,0.013249103743925168,0.004760674637786975
CVJ,-99.2612991333,18.8348007202,1,0.2879779538408543,0.0,0.00021923385193153567
CWA,-89.6668014526,44.7775993347,1,0.2550335570469799,0.0,0.00024366721115497668
CWB,-49.1758003235,-25.5284996033,12,0.2926146307315366,0.0,0.00023402749612672297
CWL,-3.34332990646,51.3967018127,2,0.2895739521995151,4.096962930771074e-06,0.0003167477470179674
CXH,-123.111000061,49.2943992615,35,0.22973344325364112,0.00162935251106892,0.0009247022602583185
CXI,-157.350006104,1.9861600399,14,0.25922480620155036,0.0,0.0002539824930098755
CXY,-79.266998291,25.6000003815,6,0.2811974436596031,0.00016726911294809622,0.0005311555388246754
CYB,-79.8827972412,19.6870002747,6,0.2926146307315366,0.0,0.00023402749612672297
CYS,-104.8119965,41.15570068,1,0.31835491241431835,0.0,0.00024070039210160872
CZM,-86.9255981445,20.5223999023,209,0.3470319634703196,0.0011350313772591424,0.0019064955477262218
DAB,-81.0580978394,29.1798992157,1,0.2807253190060443,0.0,0.00022033534394514008
DAC,90.397783,23.843347,2,0.21856209150326797,0.0,0.0002970166915141624
DAL,-96.8517990112,32.8470993042,35,0.35185185185185186,0.002612219372137791,0.0021476219863556137
DAY,-84.2193984985,39.9024009705,14,0.336283185840708,0.0006121790683189612,0.001074769007003188
DBV,18.2681999207,42.5614013672,1,0.25067466266866567,0.0,0.000256865522722999
DCA,-77.0376968384,38.8521003723,90,0.3309580364212193,0.00021959846607122788,0.0007696487541774514
DEL,77.1031036377,28.5664997101,68,0.3284872298624754,0.0022479204959133634,0.0009010497097246214
DEN,-104.672996521,39.8616981506,786,0.3676341248900616,0.0060441211386154355,0.0037869284373007067
DFW,-97.0380020142,32.8968009949,1266,0.38883720930232557,0.025414985792531992,0.008188376011465463
DGO,-104.527999878,24.1242008209,38,0.30061129090255306,1.740958480836392e-05,0.0003320447688564484
DHB,-123.002777778,48.6166666667,1,0.18702460850111857,0.0,0.00040037512341472165
DHN,-85.4496002197,31.3213005066,1,0.28243243243243243,0.0,0.00021897344381888515
DIJ,5.09000015259,47.268901825,1,0.2585833591091865,0.0,0.00023369022692287046
DLC,121.539001465,38.9656982422,2,0.21856209150326797,0.0,0.0002970166915141624
DLH,-92.1936035156,46.8420982361,7,0.32153846153846155,3.540366740792202e-05,0.0005400569519797353
DME,37.9062995911,55.4087982178,2,0.2942625835973249,7.283613204168017e-06,0.0003176300877107078
DNA,127.767998,26.3556,1,0.26889675136699903,0.0,0.00025743800847112877
DOH,51.608056,25.273056,146,0.3558961260110685,0.0008739914538319337,0.0012377829790393754
DOM,-61.2999992371,15.5469999313,34,0.2573099415204678,0.0,0.0002250778552688827
DON,-89.6884002686,17.6124000549,1,0.2974030594094628,0.0,0.00023032182201374165
DOV,-75.46600342,39.12950134,14,0.27356020942408377,0.004836407588167159,0.0011156759303991624
DRT,-100.927001953,29.3742008209,2,0.24836601307189543,0.0,0.00022536815956340864
DRW,130.876998901,-12.4146995544,2,0.2595467246196833,4.6120829705420795e-05,0.00044277299480075834
DSA,-1.01065635681,53.4805378105,13,0.2950935404165196,0.0009055313361017012,0.0006073302588876393
DSM,-93.6631011963,41.5340003967,4,0.3210445468509985,2.4282714219232373e-05,0.0004370619204189307
DSS,,,35,0.32141484044598234,0.00043692294337378465,0.0007551359322741137
DTO,,,2,0.26339004410838057,9.115970454822222e-06,0.00033691748228380106
DTW,-83.3534011841,42.2123985291,754,0.37896645512239346,0.014343748878065712,0.0059376106262508275
DUB,-6.27007007599,53.4212989807,297,0.3710608078118065,0.007781210606210891,0.003019619003056579
DUS,6.7667798996,51.2895011902,55,0.3308270676691729,0.00032968706478847147,0.0008406089209726041
DXB,55.3643989563,25.2527999878,192,0.35529111772205696,0.001222652981099117,0.0015457265533370896
DYU,68.8249969482,38.5433006287,2,0.2991055456171735,0.0,0.00022326012321555403
EAT,-120.207000732,47.3988990784,1,0.2676056338028169,0.0,0.0002220356174107134
EDI,-3.37249994278,55.9500007629,81,0.34876929495202336,0.0013832320180788696,0.001469299074020926
EE1,,,3,0.29118773946360155,0.0024055101524875578,0.0005948222824232336
EFD,-95.1587982178,29.6072998047,2,0.268120590121873,1.0731773029967898e-06,0.0003202315963008044
EGE,-106.9179993,39.64260101,8,0.3212913143735588,4.64308754983302e-05,0.0004481437831375281
EIS,-64.5429992676,18.4447994232,70,0.2585833591091865,0.00012508571272145926,0.0007621769338697058
EKO,-115.791999817,40.8249015808,1,0.2925122463261022,0.0,0.00023280202534827228
ELH,-76.6835021973,25.474899292,72,0.3514081546868432,0.0012008728690775735,0.0011890423798693347
ELP,-106.3779984,31.80719948,65,0.30803242446573326,0.002968027585516626,0.001660530451640258
EMA,-1.32806003094,52.8311004639,42,0.3032281465360899,0.00023724818591963571,0.0007487978195325592
ERI,-80.1738667488,42.0831270134,6,0.31835491241431835,0.0,0.00024070039210160872
ESB,32.995098114,40.1281013489,1,0.28271897193101114,0.0,0.0002317111955078894
EUG,-123.211997986,44.1245994568,1,0.2925122463261022,0.0,0.00023280202534827228
EVV,-87.5324020386,38.0369987488,3,0.27463863337713534,3.601943132882687e-05,0.00043519370656937924
EWR,-74.1687011719,40.6925010681,2094,0.40425531914893614,0.041362350664723685,0.011960434936429107
EYW,-81.7595977783,24.5561008453,3,0.28435374149659864,8.228271932735466e-06,0.00042048946887293784
EZE,-58.5358,-34.8222,163,0.3353389490573606,0.00027656983502182285,0.0007336838314641691
FAB,-0.776332974434,51.2757987976,56,0.3652249890782001,0.005004217695712445,0.0023951801681910126
FAI,-147.8560028,64.81510162,7,0.30985915492957744,0.00041077659187361377,0.0007319846670715013
FAO,-7.96590995789,37.0144004822,1,0.2800670016750419,0.0,0.00021694832622518202
FAR,-96.8158035278,46.9207000732,29,0.3486238532110092,0.003820489937406355,0.0016484958422624415
FAT,-119.718002319,36.7761993408,76,0.2906815020862309,2.2957625008433782e-05,0.0005249513711591617
FBS,-123.010002136,48.5373001099,8,0.18727598566308243,0.0023972151390997914,0.0013232014893796084
FCA,-114.255996704,48.3105010986,5,0.2868908716540837,0.002428744865053497,0.000643236837452187
FCM,-93.4570999146,44.8272018433,1,0.31835491241431835,0.0,0.00024070039210160872
FCO,12.2508001328,41.8045005798,253,0.3645878761447885,0.0018913663324970676,0.0019519243210109952
FDF,-61.003200531,14.5909996033,55,0.3300434267666798,0.0003832948531139742,0.0008569516823752118
FGI,-171.740005493,-13.8486995697,24,0.19240506329113924,0.0,0.00044216185185721915
FKB,8.08049964905,48.7793998718,2,0.26100530752419604,0.0,0.0002436425622913815
FLG,-111.6709976,35.13850021,1,0.29878484631879915,0.0,0.00022675166003872119
FLL,-80.1527023315,26.072599411,1657,0.38992537313432835,0.0471345561404961,0.01079267449376916
FLR,11.2051000595,43.8100013733,2,0.30723998529952223,2.9230465130377485e-05,0.0003360595982611851
FMO,7.68483018875,52.134601593,1,0.28271897193101114,0.0,0.0002317111955078894
FNT,-83.743598938,42.9654006958,1,0.2541033434650456,0.0,0.00022188726491675448
FOC,119.663002014,25.9351005554,12,0.2991055456171735,0.0,0.00022326012321555403
FOK,-72.6317977905,40.8437004089,12,0.3312202852614897,0.0029931927211371357,0.0012317088276708088
FOR,-38.5326004028,-3.7762799263,13,0.30433199854386606,9.655770886168198e-06,0.00033099049559015716
FPO,-78.695602417,26.5587005615,113,0.3264349863334635,0.0005075029350844066,0.001321332218724513
FPR,-80.36830139,27.49510002,5,0.26339004410838057,8.737465030748715e-06,0.000354579538795257
FRA,8.54313,50.026402,762,0.3868579361406756,0.010002616368029333,0.004266883678975906
FRD,-123.024002075,48.5219993591,1,0.23790552077404667,0.0,0.00027725940633275067
FRG,-73.4133987427,40.7288017273,28,0.3387358184764992,0.0033366404501737382,0.001715303254949751
FSD,-96.741897583,43.5820007324,26,0.30355846042120554,1.9962859873690493e-05,0.000425885627590029
FTW,-97.3623962402,32.8198013306,13,0.27518104015799866,3.622001159909053e-06,0.00041954502313703776
FTY,-84.5214004517,33.7790985107,2,0.24970131421744324,0.0,0.0002488210538756264
FUK,130.451004028,33.585899353,35,0.3038894947291894,0.0007348095741447086,0.0006490102999277571
FVO,,,2,0.23885714285714285,2.9229333070189895e-05,0.00042421474691983443
FVT,,,1,0.2926146307315366,0.0,0.00023402749612672297
FWA,-85.19509888,40.97850037,6,0.27941176470588236,2.223926699274216e-05,0.00043350494371688234
FXE,-80.1707000732,26.1972999573,31,0.3328025477707006,0.00035513120547876005,0.0009773584977858817
GA7,,,1,0.31835491241431835,0.0,0.00024070039210160872
GCC,-105.539001465,44.3488998413,1,0.23629169022046353,0.0,0.00025601657252812763
GCM,-81.3576965332,19.2928009033,380,0.37371479660259277,0.006824045845070388,0.003719047127579609
GDC,-82.3764038086,34.7583007812,2,0.30093592512598993,2.2042103412701867e-05,0.0003375391172214537
GDL,-103.310997009,20.5217990875,1139,0.3798273512039982,0.011803293816032442,0.004558824551762919
GEG,-117.533996582,47.6198997498,2,0.2941590429275158,5.6513320893466603e-05,0.00036934428485369984
GEO,-58.2541007996,6.4985499382,77,0.3345338135254102,0.00038832654503539755,0.0006633993239443334
GGT,-75.8779983521,23.5625991821,74,0.31750854538549184,0.0027527459813394156,0.0010965229463857963
GHB,-76.3310012817,25.2847003937,10,0.2806310842564619,0.0,0.00022514406375952954
GHC,-77.8401031494,25.7383003235,6,0.28081961706415853,1.815311585443051e-05,0.00035349023938170107
GIG,-43.2505569458,-22.8099994659,115,0.35987946620749034,0.0013557972808750192,0.001361044632632446
GJT,-108.527000427,39.1223983765,4,0.30488694383661563,3.0098275782123482e-05,0.00044230677417217597
GLA,-4.43306016922,55.8718986511,36,0.3153526970954357,0.0001766251933820552,0.0007249596867847208
GMP,126.791000366,37.5583000183,3,0.31182394628869825,6.61464966175159e-05,0.00034255870449893095
GND,-61.7862014771,12.0041999817,72,0.34192229038854804,0.0008508534677072629,0.0009778215898303833
GOA,8.83749961853,44.4132995605,2,0.3120567375886525,3.336947933078908e-05,0.00033552714483674824
GOJ,43.7840003967,56.2300987244,1,0.25922480620155036,0.0,0.0002272199059160848
GON,-72.0450973511,41.3301010132,4,0.30071942446043165,0.00012926079573041154,0.0005983494830053774
GOT,12.279800415,57.6627998352,5,0.31393165602703715,0.0001790333061494385,0.0005602542340550599
GRB,-88.1296005249,44.4850997925,8,0.3247863247863248,6.611914881722774e-05,0.0005459947256936528
GRK,-97.8289031982,31.067199707,2,0.31859756097560976,9.893344155441118e-05,0.00038842684910513287
GRR,-85.52279663,42.88079834,13,0.3344,0.004980719157062123,0.0012204618431007346
GRS,11.0719003677,42.7597007751,1,0.25067466266866567,0.0,0.000256865522722999
GRU,-46.4730567932,-23.4355564117,266,0.36174816096927737,0.0015248233741627498,0.0017312658856333768
GSO,-79.9373016357,36.0978012085,8,0.33174603174603173,0.000156237553943828,0.0007400364392883019
GSP,-82.2189025879,34.8956985474,47,0.3091715976331361,0.0014192696261045182,0.0023379604867844704
GTF,-111.3710022,47.48199844,13,0.30050323508267435,6.886880030160212e-05,0.0005486375678113638
GUA,-90.5274963379,14.5832996368,408,0.3645878761447885,0.005720644310683531,0.002759181573422641
GUM,144.796005249,13.4834003448,481,0.27959866220735785,0.030627989438705674,0.005323593636171035
GVA,6.10895013809,46.2380981445,64,0.3464566929133858,0.0015215255972344708,0.0016986565479626403
GWT,8.34047031403,54.9132003784,1,0.28271897193101114,0.0,0.0002317111955078894
GYD,50.0466995239,40.4674987793,37,0.3134608173978253,3.0635441826448475e-05,0.0004198882009479399
GYE,-79.8835983276,-2.15741991997,93,0.33832456495346014,0.0006913340885294374,0.000964096825158411
HAM,9.98822975159,53.6304016113,10,0.31511496419148133,6.91038283950662e-05,0.00043969744957721916
HAN,105.806999207,21.221200943,6,0.23838038209295695,0.0,0.00023625973124231952
HAV,-82.4091033936,22.989200592,290,0.36363636363636365,0.005331850780697116,0.0024878886392160097
HEL,24.963300705,60.317199707,31,0.33480176211453744,0.0002999025801005972,0.0007566897703188912
HGH,120.433998108,30.2294998169,40,0.3136960600375234,0.00027462254919568,0.0005902612148745577
HHN,7.26388978958,49.9486999512,32,0.32541845075905024,0.0014203846064245959,0.0010143724296114967
HIO,-122.949997,45.540401,1,0.23790552077404667,0.0,0.00027725940633275067
HKD,140.822006226,41.7700004578,2,0.25922480620155036,0.0,0.0002539824930098755
HKG,114.198074341,22.3203040432,492,0.3655443812855269,0.014863976165237361,0.0030485279340792394
HLN,-111.983001709,46.6068000793,1,0.23629169022046353,0.0,0.00025601657252812763
HMO,-111.047996521,29.0958995819,25,0.28271897193101114,0.000122345345015849,0.0008407484380223026
HND,139.779998779,35.5522994995,182,0.35289151540734487,0.0032842427853443205,0.0022821367408620906
HNL,-157.92199707,21.3187007904,690,0.3497907949790795,0.022334908841246247,0.004779338564136355
HOG,-76.3151016235,20.7856006622,86,0.307014322438487,6.256746019051426e-05,0.0005361159645626077
HOU,-95.27890015,29.64539909,154,0.3440329218106996,0.003630422541521657,0.0022494279145449155
HOW,,,7,0.31847619047619047,0.00042644537354000645,0.0006964750275237241
HPN,-73.7076034546,41.0670013428,128,0.3732142857142857,0.020637335204481203,0.005467351938041184
HRL,-97.6544036865,26.2285003662,15,0.2762723066754792,2.4171781495495606e-06,0.00031873623688026586
HSV,-86.775100708,34.6371994019,84,0.3392857142857143,0.0015534068775832053,0.001924410419670442
HTO,-72.25180054,40.95959854,1,0.24777711914641376,0.0,0.00023205771193293028
HUX,-96.2626037598,15.7753000259,74,0.31750854538549184,0.0005958828896424571,0.0010735445784028662
HVN,-72.88680267,41.26369858,2,0.31835491241431835,0.0,0.00024070039210160872
IAD,-77.45580292,38.94449997,1181,0.40115163147792704,0.043255685673111145,0.012056569994196496
IAH,-95.3414001465,29.9843997955,1909,0.3973384030418251,0.03925457351020641,0.009860880236020633
IBZ,1.37311995029,38.8728981018,1,0.26993865030674846,0.0,0.00022150641515716218
ICN,126.450996399,37.4691009521,816,0.3540872511647607,0.0062505896287006375,0.001997249884574076
ICT,-97.4330978394,37.6498985291,11,0.31594860166288735,0.0024981701554761307,0.0007904326974712953
IFP,-114.5599976,35.15739822,24,0.29793300071275836,1.0703263021889468e-05,0.00043007496261817535
IGA,-73.6669006348,20.9750003815,1,0.2531032394792613,0.0,0.00022983305522987192
ILG,-75.60649872,39.67869949,2,0.29582448690728946,5.229813565451953e-06,0.0003285283180856673
ILM,-77.9026031494,34.2705993652,7,0.32327919566898683,0.00025900102283826174,0.0008836572901985737
IND,-86.2944030762,39.717300415,186,0.36065573770491804,0.0024754922739825356,0.0031534453638011046
INL,-93.4030990601,48.5662002563,4,0.3089430894308943,2.247659875277539e-05,0.0005274490723677663
INN,11.3439998627,47.2602005005,1,0.2598694435809761,0.0,0.00021757761789728991
INT,-80.2220001221,36.1337013245,3,0.3220338983050847,2.416426886367165e-05,0.00034571076316218324
ISM,-81.4371032715,28.2898006439,1,0.29878484631879915,0.0,0.00022675166003872119
ISO,-77.6088027954,35.331401825,5,0.22163308589607636,5.006715425115751e-05,0.0006088696861603396
ISP,-73.10019684,40.79520035,3,0.30622710622710625,7.690900060076672e-05,0.000459328919101254
IST,28.8145999908,40.9768981934,227,0.35378755818874313,0.0007510624307219615,0.001046909708922146
IWK,,,1,0.2974030594094628,0.0,0.00023032182201374165
IWO,141.322998047,24.7840003967,2,0.21856209150326797,0.0,0.0002970166915141624
JAC,-110.737998962,43.6072998047,3,0.2998565279770445,0.00011605972951686668,0.00047537266306276626
JAX,-81.6878967285,30.4941005707,45,0.3344,0.002998587661737106,0.001888705774359949
JED,39.15650177,21.679599762,47,0.32290459636925456,8.20156280689429e-05,0.0004356072809166208
JER,-2.19550991058,49.207901001,4,0.2897746967071057,1.0138671130872637e-05,0.0003291786165481477
JFK,-73.77890015,40.63980103,3544,0.42653061224489797,0.08880103337656847,0.018204508293086865
JMK,25.3481006622,37.4351005554,4,0.2991055456171735,0.00011174931783260263,0.0005673606667030447
JNB,28.246,-26.1392,25,0.31299138899288653,2.0951239202283276e-05,0.00041704518745636516
JNU,-134.576004028,58.3549995422,4,0.21207508878741754,0.0,0.0003954156347694706
JZQ,,,1,0.25165562913907286,0.0,0.00022606636846048226
JZT,,,1,0.2628930817610063,0.0,0.00022649673050159527
KBP,30.8946990967,50.3450012207,14,0.30455373406193076,0.00045917898567507013,0.0004981049026430097
KEF,-22.6056003571,63.9850006104,474,0.39341176470588235,0.017221752393032877,0.004868766751163745
KEH,-122.259002686,47.7547988892,65,0.23981640849110727,0.009324220010625058,0.002993112376938009
KEP,81.6669998169,28.1035995483,1,0.2806310842564619,0.0,0.00022514406375952954
KHH,120.349998474,22.5771007538,1,0.26889675136699903,0.0,0.00025743800847112877
KIJ,139.121002197,37.9558982849,1,0.21856209150326797,0.0,0.0002970166915141624
KIN,-76.7874984741,17.9356994629,227,0.33668948852194924,0.000758851382527737,0.0012582996785467262
KIV,28.9309997559,46.9277000427,2,0.24281150159744408,0.0,0.00022961515979711962
KIX,135.244003296,34.4272994995,239,0.3424825891028267,0.004260950266865209,0.0017355345125207166
KKJ,131.035003662,33.8459014893,1,0.26889675136699903,0.0,0.00025743800847112877
KLV,12.9149999619,50.202999115,1,0.2634730538922156,0.0,0.00022802305701714458
KLW,-133.076004028,55.5792007446,1,0.18511957484499558,0.0,0.0004850693633797116
KMQ,136.406997681,36.3945999146,2,0.25922480620155036,0.0,0.0002539824930098755
KNA,-71.4785995483,-32.9496002197,1,0.26889675136699903,0.0,0.0002220538073683537
KOA,-156.046005249,19.7388000488,47,0.30962962962962964,0.0005615074912482438,0.0008239008111833603
KOJ,130.718994141,31.8034000397,1,0.26889675136699903,0.0,0.00025743800847112877
KRK,19.7847995758,50.0777015686,12,0.2879779538408543,0.0,0.00021928032597770905
KTN,-131.7140045,55.35559845,4,0.29353932584269665,0.006870180964421625,0.0008547212073862396
KTW,19.0799999237,50.4743003845,1,0.2926146307315366,0.0,0.00023402749612672297
KUL,101.709999084,2.74557995796,4,0.28271897193101114,9.68471286756446e-05,0.0004641956916374105
KWI,47.9688987732,29.226600647,13,0.31871902401829966,4.304959809048626e-05,0.0003341076322065956
LAD,13.2312002182,-8.85836982727,6,0.28445049336509015,0.0,0.00022041347274808108
LAN,-84.5874023438,42.7787017822,11,0.2954063604240283,1.0172496122508647e-05,0.00041441230988267693
LAR,-105.675003052,41.3120994568,1,0.31835491241431835,0.0,0.00024070039210160872
LAS,-115.1520004,36.08010101,660,0.3752244165170557,0.009641615061456069,0.005029375510326606
LAX,-118.4079971,33.94250107,3489,0.4230769230769231,0.10446952415401854,0.01710599279263587
LBA,-1.66057002544,53.8658981323,1,0.2879779538408543,0.0,0.00021923385193153567
LBB,-101.822998047,33.6636009216,1,0.2297965915338098,0.0,0.00023017615627766313
LBF,-100.6839981,41.12620163,2,0.3250388802488336,3.4922820206299386e-05,0.0003479777391176298
LBG,2.44139003754,48.9693984985,89,0.37438423645320196,0.006170765420269882,0.003158423144741147
LCK,-82.927803,39.813801,74,0.312874251497006,0.00806925436598438,0.002593248406858639
LCY,0.055278,51.505299,7,0.31135940409683427,4.7258251954433236e-05,0.0003354970057007433
LDE,-0.00643899990246,43.1786994934,4,0.29996411912450666,8.911857179024875e-06,0.00032136342809014387
LEB,-72.3041992188,43.6260986328,6,0.31835491241431835,0.0,0.00024070039210160872
LED,30.2625007629,59.8003005981,1,0.271869918699187,0.0,0.00022891060228670467
LEJ,12.2416000366,51.4323997498,60,0.33560818948213567,0.0003075321298676184,0.0008322541853458371
LEX,-84.6059036255,38.0364990234,7,0.3288749016522423,0.00017928101715061417,0.0006521402991759487
LGA,-73.87259674,40.77719879,229,0.33682514101531025,0.0008472035865160945,0.0015046267690481921
LGB,-118.1520004,33.81769943,2,0.3195718654434251,9.426876323134466e-06,0.00034213184904767615
LGG,5.44322013855,50.6374015808,108,0.36174816096927737,0.007219201691312804,0.002070793562208159
LGW,-0.190277993679,51.1481018066,291,0.35468816291896477,0.0026951316570431373,0.002296707769863843
LHR,-0.461941,51.4706,1205,0.37640702386312475,0.005012114924912047,0.003742941486384136
LIH,-159.339004517,21.9759998322,8,0.2925122463261022,0.0,0.00023280202534827228
LIL,3.08944010735,50.5619010925,1,0.28271897193101114,0.0,0.0002317111955078894
LIM,-77.1143035889,-12.021900177,313,0.36779586449626045,0.0017776139413456097,0.0015633142460342228
LIN,9.27674007416,45.445098877,11,0.3061149761991944,7.623875480675643e-05,0.0005380134275789334
LIR,-85.5444030762,10.5932998657,329,0.38436781609195403,0.011785215136639177,0.0039245787254054134
LIS,-9.13591957092,38.7812995911,130,0.3369609028617493,0.0004149294491943912,0.001030868375873046
LIT,-92.2242965698,34.7294006348,2,0.2956152758132956,1.8637982240583087e-05,0.0003442827965455126
LKE,-122.338996887,47.6290016174,87,0.296875,0.026518283781028617,0.0023781061071704935
LNY,-156.951004028,20.7856006622,1,0.267777065983344,0.0,0.00022913202806839342
LOS,3.32116007805,6.57737016678,21,0.3083732939874585,8.370723261969725e-06,0.00032008218799293097
LPB,-68.1922988892,-16.513299942,6,0.2926146307315366,0.0,0.00023402749612672297
LPL,-2.84972000122,53.3335990906,4,0.3010442924018725,9.239299004904938e-05,0.0005335072584060243
LRD,-99.4616012573,27.543800354,336,0.31124348473566643,0.0017264320866889444,0.0023446453268313153
LRM,-68.9117965698,18.4507007599,34,0.32745789267528397,0.00025198407485172705,0.0006479845062365211
LSE,-91.256699,43.879002,2,0.3051094890510949,9.43292999466365e-06,0.00032414736005997446
LSV,-115.033996582,36.2361984253,1,0.2674344209852847,0.0,0.00022976047149301978
LTN,0.0,0.0,75,0.37304774654172246,0.00799591390245117,0.003289083258186532
LTO,-111.347999573,25.989200592,36,0.2974030594094628,0.0,0.00023032182201374165
LUG,8.9105796814,46.0042991638,2,0.28271897193101114,0.0,0.0002317111955078894
LUK,-84.41860199,39.10329819,3,0.26256281407035176,0.0001077876058133338,0.0004090964697300337
LUX,6.21152019501,49.6265983582,160,0.36174816096927737,0.0016492375435551555,0.0014661303674838183
LWB,-80.3994979858,37.8582992554,1,0.31835491241431835,0.0,0.00024070039210160872
LYS,5.09082984924,45.726398468,2,0.2832937987123009,0.002210095691554519,0.000505791759172853
MAD,-3.56676,40.4936,307,0.37606837606837606,0.0034561358274263635,0.00246010484616711
MAF,-102.202003479,31.9424991608,2,0.2717815344603381,0.0,0.00022146003492535242
MAJ,171.272003174,7.06476020813,38,0.26380561691385296,0.00013594845515559103,0.0005551993176288876
MAN,-116.5230556,43.5813333,187,0.3531896915927334,0.0030042559485600425,0.0019926270248163684
MAO,-60.0497016907,-3.03860998154,50,0.2926146307315366,0.0,0.00023402749612672297
MAR,-71.7278594971,10.5582084656,47,0.2926146307315366,0.0,0.00023402749612672297
MBJ,-77.9133987427,18.5037002563,660,0.3901073261782548,0.015808790368804008,0.004711014296656371
MBY,-92.4270019531,39.4639015198,1,0.31835491241431835,0.0,0.00024070039210160872
MCI,-94.713898,39.2976,73,0.34262295081967215,0.0015487924906938417,0.0013094766989955834
MCO,-81.3089981079,28.4293994904,1196,0.3891992551210428,0.021561253984389295,0.008503362812976168
MDE,-75.4231,6.16454,172,0.329004329004329,0.00026454926010993824,0.0007419036650043729
MDT,-76.7633972168,40.1935005188,22,0.32861635220125784,0.00011753338528030458,0.0007342089880753622
MDW,-87.7524032593,41.7859992981,262,0.3584905660377358,0.007422319028404646,0.003387789485928909
MDZ,-68.7929000854,-32.8316993713,3,0.30928597854236034,1.677357341365459e-05,0.00033084956090409994
MEC,-80.6788024902,-0.946078002453,2,0.30433199854386606,9.655770886168198e-06,0.00033099049559015716
MEL,144.843002319,-37.6733016968,65,0.299534217126478,6.16230567767382e-05,0.0003648300020009171
MEM,-89.9766998291,35.0424003601,467,0.3695844385499558,0.011810663489647169,0.00441752322746925
MEX,-99.0720977783,19.4363002777,1563,0.3930418429713211,0.013316183606292976,0.005177154103589338
MFE,-98.23860168,26.17580032,15,0.2939521800281294,2.5698497521635357e-05,0.0005178951883934827
MFM,113.592002869,22.1495990753,4,0.3261802575107296,0.0002714102710730635,0.0005684677752679148
MGA,-86.1681976318,12.141500473,215,0.34760914760914763,0.002074315061684727,0.0016934213194239665
MGM,-86.39399719,32.30059814,3,0.296875,9.47656177182745e-06,0.0004136475336230253
MHH,-77.0835037231,26.5114002228,163,0.3571123451516446,0.007148561415517387,0.0026256441746872567
MHZ,0.486405998468,52.3619003296,4,0.22847772615468706,2.2631139127842524e-05,0.0004368947104869689
MIA,-80.2906036377,25.7931995392,5014,0.4134520276953511,0.12351744519056006,0.02098505714650855
MID,-89.657699585,20.9370002747,110,0.33832456495346014,0.0010564373351809556,0.001074012912510101
MKC,-94.5927963257,39.1231994629,1,0.31835491241431835,0.0,0.00024070039210160872
MKE,-87.8965988159,42.9472007751,91,0.34688796680497924,0.0005986653136734425,0.001241594772340265
MKG,-86.23819733,43.16949844,2,0.32153846153846155,2.1306946876885377e-05,0.0003414499714940055
MLA,14.4775,35.857498,2,0.29698046181172294,4.161589590942251e-05,0.00033738094624471884
MLB,-80.6453018188,28.1028003693,45,0.33386581469648563,0.0004709988073615285,0.000986982062736575
MLM,-101.025001526,19.849899292,154,0.31678666161424784,0.0004400241825183958,0.0010515798373350684
MMU,-74.4149017334,40.7994003296,6,0.3145221971407073,7.545489140122542e-05,0.000632639510568847
MN7,,,2,0.3210445468509985,2.2777907239162687e-05,0.000340546361068472
MNL,121.019996643,14.508600235,121,0.3329350856232577,0.002050972789553794,0.0010079995648322939
MNZ,-77.51540375,38.72140121,2,0.2719583604424203,5.407769370736867e-06,0.00032966656542919744
MOT,-101.279998779,48.2593994141,2,0.2837746096401901,2.0104138521893476e-05,0.00033987103984987703
MPB,-80.1703033447,25.7782993317,7,0.26506024096385544,5.34823418880552e-05,0.0006794292159581204
MQY,-86.5201034546,36.0089988708,6,0.30533235938641345,0.0001668179761904896,0.00067873866980602
MRS,5.22142410278,43.439271922,4,0.30126126126126124,6.777140189322383e-05,0.0004585918405046942
MRY,-121.843002319,36.5870018005,3,0.29108635097493035,9.553774813773589e-05,0.0004690573588254707
MSN,-89.3375015259,43.1399002075,6,0.330173775671406,0.0001270255294132225,0.00045377215437433614
MSO,-114.0910034,46.91630173,1,0.31835491241431835,0.0,0.00024070039210160872
MSP,-93.2218017578,44.8819999695,779,0.3732142857142857,0.00808205488400178,0.004322658046690586
MST,5.77014017105,50.9117012024,3,0.2950935404165196,5.0208836330528246e-05,0.0004395443540698815
MSY,-90.2580032349,29.9934005737,131,0.3486238532110092,0.0015105551666734448,0.0023522027970480958
MTJ,-107.893997192,38.5097999573,1,0.28708791208791207,0.0,0.00022448468408327462
MTO,,,1,0.2753623188405797,0.0,0.00021707412546806876
MTY,-100.107002258,25.7784996033,404,0.37776773610483505,0.012918244386183894,0.004579613251312991
MUC,11.69029999,48.137798309,309,0.37640702386312475,0.004579584956184637,0.00281020121258168
MVD,-56.0307998657,-34.8384017944,41,0.3345338135254102,0.000318559527156647,0.0007405367386783462
MVY,-70.6143035889,41.3931007385,2,0.2714285714285714,5.699323045206494e-06,0.0003424993209337253
MWH,-119.3199997,47.20769882,6,0.2949894142554693,0.0004427539291812938,0.0006477579880776506
MXL,-115.241996765,32.6305999756,2,0.2571516456474931,1.0500882569400427e-05,0.0003872406111434039
MXP,8.72811031342,45.6305999756,132,0.3614353653264159,0.001915910107676174,0.0014921904354869256
MYR,-78.9282989502,33.6796989441,18,0.32153846153846155,8.114264152361253e-05,0.000552118562940717
MYT,97.3518981934,25.383600235,1,0.25794507867941996,0.0,0.00021926254443464224
MZJ,-111.32800293,32.5106010437,1,0.29878484631879915,0.0,0.00022675166003872119
MZT,-106.26599884,23.1613998413,150,0.3264349863334635,0.0002492995132562256,0.0009236348047140926
N2C,,,2,0.2512019230769231,0.0,0.00023026177020543263
NAN,177.442993164,-17.755399704,50,0.3023508137432188,9.43169518094989e-05,0.0004665379962421706
NAP,14.2908000946,40.8860015869,5,0.2974030594094628,5.568314567662264e-05,0.0005297086891040641
NAS,-77.4662017822,25.0389995575,769,0.4025036109773712,0.02850904400772011,0.007123420069608376
NBG,-90.03500366,29.82530022,1,0.2777408637873754,0.0,0.00022030277608463473
NBW,-75.2070999146,19.9064998627,13,0.29343629343629346,0.0025027437598515298,0.000664341513581586
NC1,,,4,0.26607256524506684,0.002476656192308588,0.0009116189047993972
NCE,7.21586990356,43.6584014893,49,0.3605002156101768,0.002084414510896388,0.0017978707385821668
NCL,-1.69166994095,55.0374984741,6,0.23892540725921693,0.0,0.00023283547825411944
NEV,-62.5899009705,17.2056999207,30,0.2574684323991377,1.4358668519803543e-05,0.00035500690282490256
NEW,-90.0282974243,30.0424003601,2,0.28708791208791207,0.0,0.00022448468408327462
NGO,136.804992676,34.8583984375,127,0.32290459636925456,0.004848027410355309,0.001642896410672767
NGU,,,11,0.29457364341085274,0.002465112721484117,0.0009554453581024031
NHT,-0.418166995049,51.5530014038,4,0.303668725027243,7.772099796220239e-05,0.000547838454089538
NIM,2.18360996246,13.4814996719,1,0.22760686087666757,0.0,0.0002524968791033295
NJK,,,1,0.2550335570469799,0.0,0.00024366721115497668
NKG,118.861999512,31.7420005798,12,0.2974030594094628,0.0,0.00023032182201374165
NNG,108.17199707,22.6082992554,1,0.26889675136699903,0.0,0.00025743800847112877
NOC,-8.81849002838,53.9103012085,1,0.24888359630842513,0.0,0.0002427344405971042
NRT,140.386001587,35.7647018433,775,0.36844424856765096,0.010999237152400239,0.003034426371476285
NSB,-79.25,25.7670001984,8,0.3061149761991944,0.00035584340251745107,0.0004926580422525312
NTR,-100.236999512,25.8656005859,5,0.29240993354319694,0.00010251738517781511,0.0005467705064551375
NUE,11.0669002533,49.4986991882,1,0.2653125991748651,0.0,0.00021469372537528725
NUQ,,,4,0.2818610923803102,2.3570154400496514e-05,0.0005379101832682793
NYL,,,2,0.2707253886010363,1.0886606870058962e-05,0.0003323905770423038
OAI,69.2649993896,34.9460983276,1,0.2611683848797251,0.0,0.00022321327107363345
OAK,-122.221000671,37.7212982178,268,0.35635123614663256,0.001993800744288477,0.002390342373196297
OAX,-96.726600647,16.9999008179,34,0.30723998529952223,2.453109108541816e-05,0.00033126098173912266
OCA,-80.2748031616,25.3253993988,1,0.31835491241431835,0.0,0.00024070039210160872
ODE,10.3309001923,55.4766998291,1,0.24581005586592178,0.0,0.00027719263396035903
OGG,-156.429992676,20.8985996246,61,0.3022415039768619,0.0003714382198320313,0.0007042726894726934
OKC,-97.6007003784,35.3931007385,9,0.34122448979591835,0.0005673043541467226,0.0008779666333060261
OKO,139.348007202,35.748500824,4,0.28837530182821663,0.00048032456600051953,0.0005306303149181036
OLM,-122.9029999,46.9693985,1,0.2742782152230971,0.0,0.00022452467897328646
OMA,-95.8940963745,41.3031997681,13,0.3376413570274637,0.00038277436719176864,0.0006932069313803117
ON1,,,1,0.2806310842564619,0.0,0.00022514406375952954
ON2,,,1,0.2907826086956522,0.0,0.00021629637780007702
ONT,-117.600997925,34.0559997559,63,0.3492063492063492,0.0007235775436179293,0.0012666098084527122
OPF,,,77,0.3497907949790795,0.012709057143869001,0.004425872291463133
OPO,-8.68138980865,41.2481002808,20,0.3125233644859813,9.413213340952506e-05,0.0005330680548288594
ORB,15.0380001068,59.2237014771,1,0.21485479311231045,0.0,0.0002869149291513398
ORD,-87.90480042,41.97859955,2420,0.40425531914893614,0.04485467960710247,0.011633622497483943
ORF,-76.2012023926,36.8945999146,12,0.3055555555555556,0.0001532801432500187,0.0010302639927390396
ORK,-8.49110984802,51.8413009644,21,0.2984648339878615,0.00011986979475991966,0.0005573996908017819
ORL,,,12,0.33069620253164556,0.0005073145420170481,0.0007934273633883528
ORY,2.35944008827,48.7252998352,62,0.30455373406193076,9.538821224781795e-06,0.0003230196621243896
OSL,11.100399971,60.193901062,147,0.36018957345971564,0.005828322636630588,0.0016831236825255306
OSN,127.029999,37.090599,3,0.2692431561996779,7.213136269159855e-05,0.0004462285102620116
OST,2.8622200489,51.1988983154,6,0.31440391124482886,0.00014844475078141627,0.0005366736191675593
OTH,-124.246002197,43.417098999,3,0.2925122463261022,0.0,0.00023280202534827228
OTP,26.1021995544,44.5722007751,1,0.2800670016750419,0.0,0.00021782407475569882
OXF,-1.32000005245,51.8368988037,2,0.2701130856219709,3.228075697234293e-05,0.0003999224150448503
PAE,-122.2819977,47.90629959,28,0.29793300071275836,9.861564012055287e-05,0.0007658149767417148
PAH,-88.7738037109,37.060798645,1,0.31835491241431835,0.0,0.00024070039210160872
PAP,-72.2925033569,18.5799999237,237,0.339423467316281,0.0012377488584895914,0.0015824712325802931
PBC,-98.3713989258,19.1581001282,50,0.3038894947291894,0.0003142960282710253,0.0009778040010413685
PBI,-80.0955963135,26.6832008362,177,0.3530405405405405,0.012626287964835987,0.004703163571035277
PBM,-55.1878013611,5.4528298378,31,0.2926146307315366,0.0,0.00023402749612672297
PDK,-84.3020019531,33.8755989075,12,0.3265625,0.0004732420625662699,0.0010293471592888721
PDL,-25.6979007721,37.7411994934,26,0.3038894947291894,2.943882644298603e-05,0.00042622348294866233
PDX,-122.5979996,45.58869934,215,0.3533389687235841,0.003417635037567571,0.0019578272087895114
PEK,116.584999084,40.0801010132,356,0.35468816291896477,0.0033410298164039034,0.0019707573508000566
PEN,100.277000427,5.29714012146,1,0.26889675136699903,0.0,0.00025743800847112877
PHC,6.94959020615,5.01549005508,1,0.2926146307315366,0.0,0.00023402749612672297
PHL,-75.2410964966,39.8718986511,784,0.3609671848013817,0.008667827574131306,0.0057078101526920775
PHN,-82.52890015,42.9109993,1,0.31835491241431835,0.0,0.00024070039210160872
PHX,-112.012001038,33.434299469,558,0.3676341248900616,0.01087097022741264,0.003985731117776036
PIA,-89.6932983398,40.6641998291,2,0.31835491241431835,0.0,0.00024070039210160872
PIE,-82.68740082,27.91020012,23,0.3283582089552239,0.00011887870147245869,0.0005572746529510158
PIK,-4.58666992188,55.5093994141,20,0.3153526970954357,0.00023475728698849497,0.0006535799407425754
PIO,-76.2202987671,-13.7448997498,1,0.2926146307315366,0.0,0.00023402749612672297
PIT,-80.23290253,40.49150085,186,0.3615916955017301,0.0021007944897972982,0.0026438297214902992
PKB,-81.439201355,39.3451004028,1,0.31835491241431835,0.0,0.00024070039210160872
PKC,158.453994751,53.1679000854,2,0.29698046181172294,3.183717828876163e-05,0.0003404646270687584
PLQ,21.0939006805,55.9732017517,1,0.2687238829958213,0.0,0.00022087623446465256
PLS,-72.2658996582,21.7735996246,316,0.3697478991596639,0.006413015866546484,0.003185222656092754
PMI,2.73881006241,39.551700592,6,0.3179916317991632,0.00024285563967225374,0.0006756760155865559
PNE,-75.01059723,40.08190155,1,0.2550335570469799,0.0,0.00024366721115497668
PNH,104.84400177,11.5466003418,2,0.21856209150326797,0.0,0.0002970166915141624
PNI,158.208999634,6.98509979248,10,0.21856209150326797,0.0,0.0002970166915141624
PNS,-87.1865997314,30.473400116,1,0.2807253190060443,0.0,0.00022033534394514008
POA,-51.1713981628,-29.9944000244,7,0.2926146307315366,0.0,0.00023402749612672297
POM,147.220001221,-9.44338035583,1,0.21856209150326797,0.0,0.0002970166915141624
POP,-70.5699996948,19.757900238,103,0.3433264887063655,0.0014217014074481,0.0015875852561398288
POS,-61.3372001648,10.5953998566,181,0.3405295315682281,0.0007908712308646788,0.001151500487609464
POZ,16.8262996674,52.4210014343,4,0.26581875993640697,5.66773918801258e-06,0.00034468545847791954
PPG,-170.710006714,-14.3310003281,38,0.23817663817663817,0.004781823911984642,0.0010753272117378183
PPT,-149.606994629,-17.5536994934,45,0.31654676258992803,0.00047933648192187114,0.000810355933150868
PRG,14.2600002289,50.1007995605,16,0.30860095976375046,0.0004048689325551955,0.0006808310419568526
PSA,10.3927001953,43.6838989258,4,0.26906984229159964,1.2625538909319485e-05,0.0004481419833008813
PSC,-119.119003296,46.2647018433,1,0.28532423208191127,0.0,0.00022550269123176652
PSE,-66.56300354,18.0083007813,5,0.2779255319148936,7.855555912324183e-06,0.0003418959716752435
PSM,-70.8233032227,43.0778999329,12,0.3119402985074627,0.0074757844656535375,0.0013627452648434799
PSP,-116.507003784,33.82970047,181,0.34375,0.0072422099658308,0.0018953159631334869
PTK,-83.4200973511,42.6655006409,49,0.3575705731394354,0.005583156438755503,0.002289700226711366
PTP,-61.5317993164,16.2653007507,85,0.3321414382201033,0.0005052118036199385,0.0010540633036418973
PTY,-79.3834991455,9.0713596344,448,0.3723830734966592,0.002855285626495945,0.0023421763704979236
PUJ,-68.3634033203,18.5673999786,938,0.38436781609195403,0.014762167965412572,0.005293888187326498
PUS,128.93800354,35.1795005798,58,0.2192499344348282,9.933167209660658e-06,0.00041918637597154084
PVD,-71.4204025269,41.7326011658,103,0.3352044907778669,0.0014750200494772776,0.0018737797362662991
PVG,121.805000305,31.1434001923,485,0.3531896915927334,0.006544356165994365,0.002213596502590643
PVR,-105.253997803,20.6800994873,822,0.38472158306488724,0.012264286203631741,0.004874249525515357
PWK,-87.901494,42.114222,10,0.30377906976744184,2.138236043460053e-05,0.00042862107453211113
PWM,-70.30930328,43.64619827,1,0.2674344209852847,0.0,0.00022976047149301978
QMA,,,4,0.32327919566898683,7.775416686279565e-05,0.0004564982203449158
QPG,103.910003662,1.36041998863,1,0.21856209150326797,0.0,0.0002970166915141624
QRO,-100.185997009,20.6173000336,217,0.3565031982942431,0.016208088096952775,0.0038084154848305437
RAI,-23.4934997559,14.9245004654,15,0.281386738471895,5.406684439472284e-06,0.00032243767275580844
RAK,-8.03629970551,31.6068992615,2,0.2879779538408543,0.0,0.00021923385193153567
RAP,-103.056999207,44.04529953,2,0.32327919566898683,3.642152023146767e-05,0.00034672877031067514
RAR,-159.805999756,-21.2026996613,14,0.2974030594094628,0.0,0.00023032182201374165
RBA,-6.75152015686,34.0514984131,2,0.28639945186707777,0.0,0.00022097396173272532
RCE,-123.138999939,48.6123008728,6,0.18735992828328105,1.6235471640451157e-05,0.0012261470742927088
RDU,-78.7874984741,35.8776016235,102,0.3533389687235841,0.0020126899901530566,0.0020883708037933834
REC,-34.9235992432,-8.12648963928,36,0.3090573012939002,0.0011731963141617598,0.0007095713654156554
REP,103.81300354,13.4106998444,1,0.28271897193101114,0.0,0.0002317111955078894
RFD,-89.0971984863,42.195400238,31,0.3333333333333333,0.00042720476472828746,0.0010301463513661157
RIC,-77.3197021484,37.5051994324,12,0.3344,0.0003361293511792861,0.0009584250463075634
RIL,,,2,0.2849352419904567,4.3956156344609965e-06,0.00031988497659306465
RIX,23.9710998535,56.9235992432,13,0.31135940409683427,4.7258251954433236e-05,0.0003354970057007433
RME,-75.40699768,43.23379898,1,0.21896280775275012,0.0,0.0003647932003115192
RMS,7.60027980804,49.4369010925,2,0.29323044545773413,0.0004646961234818492,0.00043923098472048965
RNO,-119.767997742,39.4990997314,28,0.2882758620689655,1.1520913086226677e-05,0.00042173499991888846
ROC,-77.6724014282,43.1189002991,38,0.326817826426896,0.00013049316790819071,0.0006597351646801285
ROR,134.544006348,7.36765003204,36,0.21856209150326797,0.0,0.0002970166915141624
RQZ,,,1,0.19244935543278086,0.0,0.00038135264155593295
RST,-92.5,43.9082984924,9,0.3322734499205087,0.00016533492649922356,0.0005519294225745354
RSW,-81.7552032471,26.5361995697,118,0.3440329218106996,0.0026891701285477357,0.0028661957559812422
RTB,-86.523003,16.316799,82,0.3221579961464355,0.00015244121662026143,0.0007235692135958757
RTM,4.43722009659,51.9569015503,2,0.28195615514333894,2.1855754344383087e-05,0.00034444243483835774
RUH,46.6987991333,24.9575996399,29,0.32290459636925456,8.20156280689429e-05,0.0004356072809166208
RZE,22.0189990997,50.1100006104,6,0.2879779538408543,0.0,0.00021923385193153567
SAA,,,1,0.31835491241431835,0.0,0.00024070039210160872
SAL,-89.0557022095,13.4408998489,484,0.3668275559455902,0.003850836174444486,0.002312333882273288
SAN,-117.190002441,32.7336006165,259,0.3615916955017301,0.006018860455576702,0.0026045217115229485
SAP,-87.9235992432,15.4525995255,339,0.3525938422606495,0.005325975452938814,0.002377852121503328
SAQ,-78.0490036011,25.0538005829,3,0.28620335501540567,0.00019731908565885794,0.00048585045204189303
SAT,-98.4698028564,29.533700943,224,0.34746467165419787,0.005505800076395654,0.0031017462223919393
SAV,-81.20210266,32.12760162,31,0.3349358974358974,0.0008501831860790476,0.0016890577190059135
SBA,-119.8399963,34.42620087,1,0.2925122463261022,0.0,0.00023280202534827228
SBD,-117.23500061,34.0954017639,9,0.29457364341085274,0.002488815655332199,0.0008862221885338327
SBH,-62.8436012268,17.9043998718,39,0.2574684323991377,1.4358668519803543e-05,0.00035500690282490256
SBN,-86.3172988892,41.7086982727,2,0.3024602026049204,6.7533150424246535e-06,0.00032524674117892174
SCF,-111.911003113,33.6228981018,32,0.3457402812241522,0.00207232497043403,0.0014956826257124579
SCL,-70.7857971191,-33.3930015564,239,0.36811977102597976,0.002115461873669094,0.0015791567191018084
SCU,-75.8354034424,19.9698009491,35,0.2926146307315366,0.0,0.00023402749612672297
SDF,-85.736000061,38.1744003296,199,0.35514018691588783,0.00850380523499891,0.003100208431262585
SDJ,140.917007446,38.1397018433,12,0.21856209150326797,0.0,0.0002970166915141624
SDL,17.4438991547,62.5280990601,1,0.2558922558922559,0.0,0.00024140564369894144
SDM,-116.980003357,32.5722999573,1,0.1916552040348464,0.0,0.00037579844470365584
SDQ,-69.6688995361,18.4297008514,393,0.3511129777404452,0.0023338694843693976,0.002262836830717521
SEA,-122.308998108,47.4490013123,825,0.3676341248900616,0.009865180877478327,0.004441085491004153
SEN,0.695555984974,51.5713996887,3,0.30433199854386606,6.381981427153259e-05,0.00044228856904734596
SFB,-81.2375030518,28.7775993347,120,0.3138138138138138,0.005561864766595585,0.0021395808324233302
SFJ,-50.7116031647,67.0122218992,3,0.28659581762084335,5.879214687985417e-05,0.0004927191987175185
SFO,-122.375,37.6189994812,1556,0.38883720930232557,0.025747580812750488,0.007452036586549698
SGD,9.79172992706,54.9644012451,1,0.25922480620155036,0.0,0.0002272199059160848
SGJ,,,1,0.2401608733122666,0.0,0.00026184153596523125
SGN,106.652000427,10.8187999725,1,0.23838038209295695,0.0,0.00023625973124231952
SGR,-95.65650177,29.6222991943,1,0.31835491241431835,0.0,0.00024070039210160872
SHJ,55.51720047,25.3285999298,1,0.2741882584453919,0.0,0.00021920559565274028
SHV,-93.8255996704,32.4466018677,70,0.3171471927162367,0.0005332719216801237,0.0012705776720979484
SID,-22.9493999481,16.741399765,3,0.30213227322009395,8.723693557010239e-05,0.00045115068647340995
SIG,-66.0980987549,18.4568004608,2,0.2782956058588549,6.861110984485597e-05,0.00035372232860677655
SIN,103.994003,1.35019,38,0.30589096231247714,0.00012998038274070846,0.0005629344438550612
SJC,-121.929000854,37.3625984192,300,0.3641114982578397,0.01005461821413151,0.004001173319895329
SJD,-109.721000671,23.1518001556,944,0.37776773610483505,0.016119383130306583,0.005551958551683348
SJO,-84.2088012695,9.99386024475,397,0.3868579361406756,0.007386318575923568,0.003922758023907048
SJU,-66.0018005371,18.4393997192,615,0.34631317315658655,0.015375313082727972,0.005041239215878421
SJW,114.696998596,38.2807006836,1,0.2974030594094628,0.0,0.00023032182201374165
SKB,-62.7187004089,17.3111991882,170,0.3441745574310416,0.0013614760582257818,0.001364898465546616
SLC,-111.977996826,40.7883987427,245,0.35665529010238906,0.00284392440172304,0.0018906677773809677
SLP,-100.930999756,22.2542991638,61,0.2984648339878615,0.0027263280053163607,0.0015962557596571707
SLU,-60.992901,14.0202,15,0.2643060385709769,9.71763299907332e-05,0.0005744512936333698
SLW,-100.929000854,25.5494995117,184,0.3303042275780324,0.006299296695527213,0.0031794934189775066
SMA,-25.1706008911,36.9714012146,3,0.2848381601362862,2.0133637306382633e-05,0.0003490462318880157
SMF,-121.591003418,38.695400238,87,0.3230293663060278,0.0002871299803725178,0.0011220889776317141
SMX,-120.4570007,34.89889908,1,0.2925122463261022,0.0,0.00023280202534827228
SNA,-117.8679962,33.67570114,55,0.3379143088116411,0.00040434790454947986,0.0007804725211476449
SNN,-8.92481994629,52.7019996643,120,0.36395298215063127,0.006911718928450691,0.0026339562902415368
SNR,-2.14917993546,47.3121986389,5,0.2926146307315366,0.0,0.00023402749612672297
SNU,-79.9436035156,22.4922008514,98,0.3083732939874585,0.00017114558810884856,0.0006713554297438748
SOF,23.4114360809,42.6966934204,1,0.26264530317310714,0.0,0.00021532837926104982
SOP,-79.3911972,35.23740005,1,0.31835491241431835,0.0,0.00024070039210160872
SPI,-89.67790221999999,39.84410095,2,0.2882758620689655,8.982482935015127e-05,0.0003962816821309978
SPN,145.729003906,15.1190004349,119,0.2757255936675462,0.0011414465087153448,0.0012208042329202595
SPS,-98.49189758,33.98880005,1,0.31835491241431835,0.0,0.00024070039210160872
SPU,16.2980003357,43.538898468,2,0.2802547770700637,0.0023923444976076554,0.0005453514271040699
SRQ,-82.554397583,27.3953990936,18,0.32228218966846567,0.0003321435379279068,0.0007141306778250578
SSA,-38.3224983215,-12.9086112976,12,0.2926146307315366,0.0,0.00023402749612672297
STI,-70.6046981812,19.4060993195,223,0.3438914027149321,0.0015001829504869854,0.0016684675590764098
STL,-90.3700027466,38.7486991882,148,0.3448844884488449,0.0011503093262568696,0.001948818127760086
STN,0.234999999404,51.8849983215,109,0.3645878761447885,0.0020325861361741937,0.0018655805273788363
STP,-93.0599975586,44.9345016479,4,0.3188405797101449,2.3136484025269707e-05,0.00034679934380196597
STR,9.22196006775,48.6898994446,30,0.3332004782781985,0.0005713824315326296,0.0011629371668605802
STT,-64.9733963013,18.3372993469,46,0.2777408637873754,0.0003845817901814187,0.001009865317559201
STX,-64.7985992432,17.7019004822,4,0.26985151710781147,9.229402624608236e-05,0.0006179363012793459
SUA,-80.22109985,27.18169975,4,0.3203065134099617,0.001144808881482028,0.0007060649268619425
SUN,-114.2959976,43.50439835,5,0.31642694928084786,5.596413237863e-05,0.0003400793723642934
SUS,-90.6520004272,38.6621017456,5,0.27903871829105475,1.3960450747079954e-05,0.0004272417934626069
SUU,-121.927001953,38.2626991272,2,0.2537947783849423,1.1690832502286742e-05,0.00038834068803831793
SVD,-61.210899353,13.1443004608,19,0.32567199065056485,0.00029458356938629404,0.0006687439270368441
SVG,5.6377801895,58.876701354,7,0.2889733840304182,1.7476547930271095e-05,0.0003258262098266433
SVO,37.4146003723,55.9725990295,111,0.36300477637863654,0.0018362852342714525,0.0014787936291520887
SVQ,-5.89310979843,37.4179992676,1,0.2687238829958213,0.0,0.00022087623446465256
SWF,-74.1047973633,41.5041007996,98,0.3349358974358974,0.004152172241012558,0.0025745743903750145
SXB,7.62823009491,48.5382995605,2,0.26700734589587993,0.0,0.0002224509961245341
SXF,13.5225000381,52.3800010681,5,0.32042928325028747,0.0001451010481619352,0.000545884253468141
SXM,-63.1088981628,18.0410003662,143,0.3652249890782001,0.00490167997437304,0.001947704799996995
SYA,174.1139984,52.71229935,1,0.2441588785046729,0.0,0.00024260224291823936
SYD,151.177001953,-33.9460983276,207,0.32771462171697374,0.0005576091731690398,0.0007780638001857396
SYR,-76.106300354,43.1111984253,21,0.3273296789350039,6.380145490341236e-05,0.0005430509529924339
SZG,13.0043001175,47.7933006287,4,0.2915940006975933,3.3370950708691446e-05,0.0004276706022204008
SZX,113.810997009,22.6392993927,46,0.3038894947291894,0.00011244697011871801,0.00046829929348313746
TAB,-60.8321990967,11.1497001648,18,0.32541845075905024,0.00029379646564340234,0.0007686957358074495
TAM,-97.8658981323,22.2964000702,13,0.28698935805012016,9.109282702709184e-06,0.0003209875097040596
TAO,120.374000549,36.2661018372,30,0.30017953321364454,7.376313930717557e-06,0.0003320298162549952
TAR,17.4032001495,40.5175018311,14,0.30039525691699603,2.909115525040153e-05,0.00033571274065998674
TBU,-175.149993896,-21.2411994934,12,0.19240506329113924,0.0,0.00044216185185721915
TCB,-77.3912963867,26.745300293,38,0.2873839807493984,0.0003674642877856088,0.0007103945980316606
TCM,-122.475997925,47.1376991272,1,0.2777408637873754,0.0,0.00022030277608463473
TDF,,,1,0.2676056338028169,0.0,0.00022022389241509687
TEB,-74.060798645,40.8501014709,362,0.3939679547596607,0.06716761656538167,0.012585456972106949
TER,-27.0907993317,38.7617988586,24,0.32390546299883766,0.0018258171693746386,0.0007071776788136549
TFN,-16.3414993286,28.4827003479,1,0.28271897193101114,0.0,0.0002317111955078894
TGU,-87.2172012329,14.0608997345,37,0.3179916317991632,8.857862983276802e-05,0.0005310924291298091
TIJ,-116.970001221,32.5410995483,11,0.31511496419148133,0.00039795331696771904,0.0009130920198786937
TIX,-80.7992019653,28.514799118,2,0.27391874180865006,4.170482181606136e-06,0.0003473313377718198
TKF,-120.13999939,39.3199996948,1,0.2742782152230971,0.0,0.00021932028198956335
TKK,151.843002319,7.46187019348,25,0.21856209150326797,0.0,0.0002970166915141624
TLC,-99.5660018921,19.3370990753,126,0.32822928936003143,0.0022534161540691154,0.0021217811998567836
TLH,-84.3503036499,30.3964996338,4,0.308259587020649,9.224054757086316e-05,0.000556152887622291
TLL,24.8327999115,59.4132995605,3,0.30126126126126124,7.677063432622283e-06,0.00031800437204133056
TLN,6.14602994919,43.0973014832,3,0.2836783169324737,2.0740068165090547e-05,0.00034592710940805976
TLS,1.36381995678,43.6291007996,13,0.3284872298624754,0.0011184004271394463,0.0008331180950046555
TLV,34.8866996765,32.0113983154,188,0.36081139404402246,0.004494393272154089,0.001703387805324026
TMB,-80.432800293,25.6478996277,10,0.31981637337413926,0.00021953269634519788,0.0005098714881345567
TN8,,,1,0.24106113033448673,0.0,0.00024274388603806965
TNA,117.216003418,36.8572006226,12,0.2974030594094628,0.0,0.00023032182201374165
TOL,-83.80780029,41.58679962,8,0.2882758620689655,0.0027023440116179785,0.0007796341743070694
TPA,-82.533203125,27.9755001068,381,0.35126050420168065,0.0030763101672079485,0.0031263858001028383
TPE,121.233001709,25.0776996613,313,0.3422022103970528,0.0033387393043136913,0.0012903098214700165
TRC,-103.411003113,25.5683002472,31,0.2832937987123009,4.138123008209606e-05,0.0005397408744756396
TRI,-82.4074020386,36.4752006531,1,0.31835491241431835,0.0,0.00024070039210160872
TRN,7.64963006973,45.2008018494,1,0.271869918699187,0.0,0.00022891060228670467
TRS,13.4722003937,45.8274993896,1,0.25604900459418073,0.0,0.000220787814939194
TSE,71.4669036865,51.0222015381,1,0.2991055456171735,0.0,0.00022326012321555403
TSN,117.346000671,39.1244010925,1,0.26889675136699903,0.0,0.00025743800847112877
TTN,-74.8134994507,40.2766990662,9,0.2972972972972973,0.00011351888856093098,0.0007530626167093623
TUC,-65.104897,-26.8409,1,0.2687238829958213,0.0,0.00022087623446465256
TUL,-95.8880996704,36.1983985901,10,0.312874251497006,0.0002466311641660529,0.0009612860080023739
TUS,-110.941001892,32.1161003113,15,0.3178707224334601,0.0009351441850364656,0.0015103608868268917
TVC,-85.5821990967,44.7414016724,1,0.29878484631879915,0.0,0.00022675166003872119
TXL,13.2876996994,52.5597000122,27,0.3088289619504987,0.00012538741845743477,0.0005490512981058891
TYS,-83.9940033,35.81100082,4,0.3250388802488336,3.4922820206299386e-05,0.0003479777391176298
UAM,144.929992676,13.5839996338,4,0.268120590121873,0.00015271855145662902,0.0006290041363988012
UIO,-78.3575,-0.129166666667,210,0.3470319634703196,0.0009086586658265554,0.0012441786860508154
UPN,-102.039001465,19.3966999054,24,0.2974030594094628,0.0,0.00023032182201374165
UST,-81.3397979736,29.9591999054,11,0.31835491241431835,0.0,0.00024070039210160872
UTP,101.004997253,12.6799001694,3,0.2720468597461764,0.00015513996601656334,0.00043498038696259105
UVF,-60.952599,13.7332,148,0.3464566929133858,0.000741538329708006,0.0012354970362223286
UXP,,,1,0.2550335570469799,0.0,0.00024366721115497668
VCE,12.3519001007,45.5052986145,35,0.3300434267666798,0.00046862759322091184,0.0009496929926015279
VCP,-47.1344985962,-23.0074005127,129,0.32978303747534515,0.002547002548218586,0.0012206201453389348
VER,-96.1873016357,19.1459007263,12,0.28445049336509015,0.0,0.00022041347274808108
VIE,16.5697002411,48.1102981567,69,0.3326701153999204,0.002608566885722399,0.0008629066848683659
VIJ,-64.4274978638,18.4463996887,3,0.2573099415204678,0.0,0.0002250778552688827
VIX,-40.2863883972,-20.2580566406,6,0.2926146307315366,0.0,0.00023402749612672297
VKO,37.2615013123,55.5914993286,17,0.352,0.0010770769462295753,0.0011965187678150964
VLC,-0.481624990702,39.4892997742,3,0.307014322438487,7.303965065823958e-05,0.00045671855736877527
VNY,-118.489997864,34.2098007202,40,0.3575705731394354,0.0019307486424336106,0.002115026025017245
VRA,-81.4353027344,23.0344009399,18,0.30433199854386606,9.655770886168198e-06,0.00033099049559015716
VRB,-80.4179000854,27.6555995941,4,0.3220338983050847,2.416426886367165e-05,0.00034571076316218324
VRN,10.8885002136,45.3956985474,2,0.2974030594094628,0.0,0.00023032182201374165
VSA,-92.8173980713,17.9969997406,13,0.2899757197363857,2.328673032574154e-05,0.0003260170149942637
VUP,-73.2495,10.435,1,0.25922480620155036,0.0,0.0002272199059160848
VVI,-63.1353988647,-17.6448001862,11,0.2926146307315366,0.0,0.00023402749612672297
VVO,132.147994995,43.3989982605,10,0.2974030594094628,0.0,0.00023032182201374165
WAW,20.9671001434,52.1656990051,66,0.32745789267528397,0.00029889955306051436,0.0006664544761345918
WRI,-74.59169769,40.0155983,8,0.2502994011976048,0.00021024868140889072,0.000579750446417878
WRO,16.885799408,51.1026992798,1,0.21485479311231045,0.0,0.0002869149291513398
WSX,-122.95300293,48.6179008484,1,0.18685739830129638,0.0,0.00040443804104529327
WUH,114.208000183,30.7838001251,25,0.28620335501540567,3.127598992306125e-05,0.0003591460027123823
WUX,120.429000854,31.4944000244,1,0.26889675136699903,0.0,0.00025743800847112877
XCR,4.18449020386,48.7761001587,2,0.30061129090255306,2.0111027076791914e-05,0.00032791284821497474
XIY,108.751998901,34.447101593,1,0.26889675136699903,0.0,0.00025743800847112877
XMN,118.127998352,24.5440006256,16,0.2974030594094628,0.0,0.00023032182201374165
XPL,-87.621201,14.3824,2,0.26281043696950646,0.0001385115534664159,0.0004320819649152828
YAM,-84.5093994141,46.4850006104,1,0.271869918699187,0.0,0.00022891060228670467
YAP,138.082993,9.49891,19,0.21856209150326797,0.0,0.0002970166915141624
YAZ,-125.775583,49.079833,1,0.26100530752419604,0.0,0.0002436425622913815
YBG,-70.9963989258,48.3306007385,2,0.2832937987123009,1.12648183050548e-05,0.00033105447830119016
YBW,-123.233001709,48.75,8,0.229607250755287,0.0006383679729680816,0.0009028643706340048
YCD,-123.869862556,49.0549702249,12,0.26497622820919176,1.0734992146493973e-05,0.00036557389296762286
YCL,-66.330299,47.990799,1,0.28271897193101114,0.0,0.0002317111955078894
YCM,-79.1716995239,43.1916999817,3,0.2899757197363857,0.00010877440751641624,0.0004758653556995349
YEG,-113.580001831,53.3097000122,377,0.37776773610483505,0.015256389950209255,0.004906518373505194
YEM,-81.8581008911,45.8428001404,6,0.28542164561283717,7.561810166991011e-05,0.0005512643278732563
YFB,-68.5558013916,63.756401062,2,0.2789456122789456,3.820141293679494e-06,0.0003193039624126928
YFC,-66.5372009277,45.8689002991,1,0.28271897193101114,0.0,0.0002317111955078894
YGG,-123.4969,48.8545,8,0.2298597745394556,0.0022275818896323675,0.0012006927631109663
YHH,-125.25,50.0499992371,3,0.1934737329321916,0.0,0.0003889600368993698
YHM,-79.9349975586,43.1735992432,202,0.3652249890782001,0.010453020747414525,0.0043696833461747955
YHU,-73.4169006348,45.5175018311,10,0.31678666161424784,0.0007253351704226209,0.001033602420328293
YHZ,-63.5085983276,44.8807983398,201,0.3649061545176779,0.008062503041933204,0.002452787202628835
YIG,-125.1372,50.3923,2,0.22948119681581114,4.543899838136992e-05,0.000626873867781357
YIP,-83.53040314,42.23789978,181,0.3448844884488449,0.0015443960821358398,0.0017864588487593604
YJT,-58.5499992371,48.5442008972,2,0.2920013971358715,2.2478823988115573e-05,0.00032942117275212856
YKA,-120.444000244,50.7022018433,3,0.2793184096224524,1.5203872206593942e-05,0.00044091738230775867
YKF,-80.3786010742,43.4608001709,31,0.3361479694410937,0.004810284033539766,0.0021336264073414215
YLS,-77.0171966553,49.0303001404,2,0.2518830973184694,9.45586050097394e-06,0.000384757099043946
YLW,-119.377998352,49.9561004639,43,0.30928597854236034,0.006308436912989913,0.0022771935577456997
YMM,-111.222000122,56.653301239,2,0.28698935805012016,1.1146698645639745e-05,0.0003289622167425256
YMU,-124.983001709,50.0666999817,1,0.22897836209257738,0.0,0.0003573881439046874
YMX,-74.0386962891,45.6795005798,130,0.3713904931141715,0.0037960323634203506,0.0026538466858982562
YNY,128.669006348,38.0612983704,4,0.3088289619504987,0.00012741884901934934,0.000458572886787656
YOC,-139.839004517,67.570602417,3,0.26906984229159964,1.6192875478613565e-05,0.0003892845834388026
YOW,-75.6691970825,45.3224983215,413,0.3990453460620525,0.020225727484059094,0.006877407023831844
YPD,-79.829697,45.2575,4,0.2899757197363857,8.880923925927785e-05,0.0005674832784751642
YPQ,-78.3632965088,44.2299995422,3,0.26480836236933797,3.98849819667222e-06,0.0003398140874596126
YPR,-130.445007324,54.2860984802,3,0.22711219777234448,0.0023923444976076554,0.0008126317675485595
YPT,-124.016998291,49.6166992188,1,0.1934737329321916,0.0,0.0003889600368993698
YQA,-79.3032989502,44.9747009277,1,0.271869918699187,0.0,0.00022891060228670467
YQB,-71.393303,46.7911,61,0.33480176211453744,0.001676613061825674,0.0019157540972511069
YQF,-113.893997192,52.1822013855,1,0.22299279807948785,0.0,0.00031253467771325883
YQG,-82.9555969238,42.2756004333,60,0.3099740452354468,0.0016076071960659368,0.001842575170210457
YQH,-128.822006226,60.1164016724,1,0.2355593124823894,0.0,0.00022631193822913906
YQL,-112.800003052,49.6302986145,1,0.28445049336509015,0.0,0.00022041347274808108
YQM,-64.6785964966,46.1122016907,32,0.31440391124482886,0.00012201059393256134,0.0005463371993958223
YQR,-104.666000366,50.4319000244,56,0.31440391124482886,0.0006032989144203677,0.0014158431050328986
YQX,-54.5680999756,48.9369010925,33,0.3549893842887473,0.0018926687686661515,0.0021490022967331065
YQY,-60.0477981567,46.1613998413,1,0.27490956922065113,0.0,0.00021672446806703916
YRJ,-72.2656021118,48.5200004578,2,0.28639945186707777,0.0,0.00022097396173272532
YRQ,-72.679397583,46.3527984619,4,0.29302488608482297,2.053748062807628e-05,0.00033374329764235147
YSJ,-65.890296936,45.3161010742,1,0.271869918699187,0.0,0.00022891060228670467
YTG,-126.831069,50.885359,1,0.15776561615399132,0.0,0.0004173027054996616
YTM,-74.7799987793,46.4094009399,2,0.2558922558922559,1.0975634146068792e-05,0.0003915808315583392
YTP,-125.91,49.155,1,0.1934737329321916,0.0,0.0003889600368993698
YTZ,-79.396202,43.627499,85,0.32926348956282003,0.003668319940872829,0.0018778777621975124
YUL,-73.7407989502,45.4706001282,1183,0.42587875700458483,0.0636792502433173,0.01192962465400816
YUM,-114.6060028,32.65660095,2,0.23549295774647888,9.349010686924884e-06,0.0003771186235546604
YVR,-123.183998108,49.193901062,1374,0.4132476520019773,0.08285387368286189,0.009829492743823883
YWG,-97.2398986816,49.9099998474,332,0.38578680203045684,0.010528884724055915,0.004537843340064812
YWH,-123.388867378,48.4249858939,81,0.22998624484181568,0.004619926387239997,0.0015611383186076846
YXE,-106.699996948,52.1707992554,55,0.28310193024043345,0.0002084710810097241,0.0008065791837119827
YXS,-122.679000854,53.8894004822,3,0.23702863623476042,0.002411401341121999,0.0008547113115922737
YXT,-128.576004028,54.46849823,1,0.26100530752419604,0.0,0.0002436425622913815
YXU,-81.1539,43.035599,85,0.3405295315682281,0.005002641041933816,0.0025056097708753902
YXX,-122.361000061,49.0252990723,5,0.2732919254658385,0.0003943413417921504,0.000653533891589111
YXY,-135.067001343,60.7095985413,5,0.26906984229159964,0.0023923444976076554,0.0006134013259082207
YYB,-79.4227981567,46.3636016846,1,0.26100530752419604,0.0,0.00022538472756436067
YYC,-114.019996643,51.113899231,1004,0.3990453460620525,0.03675894930887886,0.008135689234968886
YYJ,-123.426002502,48.646900177,80,0.3120567375886525,0.023345871576385745,0.0026312833858790777
YYR,-60.4258003235,53.3191986084,29,0.3422022103970528,0.011508707707622556,0.0024856432444683722
YYT,-52.7518997192,47.618598938,36,0.3345338135254102,0.000515704735164847,0.00123028289167721
YYZ,-79.6305999756,43.6772003174,3080,0.4667783361250698,0.15978870967131942,0.0211627901806588
YZF,-114.440002441,62.4627990723,7,0.30256967064784657,8.733431909320774e-05,0.0003682855174621703
YZV,-66.2656021118,50.2233009338,1,0.24168834923388263,0.0,0.0003829219513231127
ZAZ,-1.04155004025,41.6661987305,3,0.30455373406193076,1.2263221327949972e-05,0.00032475977192557927
ZCL,-102.68699646,22.8971004486,106,0.30951499444650127,0.00015258050317759001,0.0007502894811778603
ZIH,-101.460998535,17.601600647,126,0.3361479694410937,0.0004359022977143413,0.0010313551153086405
ZLO,-104.558998108,19.1448001862,53,0.3104344597103602,7.098942611887073e-05,0.0005311895442084495
ZNA,-123.949996948,49.1833000183,14,0.22973344325364112,0.003030712470575734,0.001266965951173077
ZRH,8.54916954041,47.4646987915,279,0.380518889394629,0.0060904256545086495,0.0030642101764442333
ZSA,-74.5240020752,24.0632991791,12,0.2926146307315366,0.0,0.00023402749612672297
ZXA,,,3,0.27969220475075274,6.0535205127781435e-05,0.00046191534197136553
